<?xml version="1.0" encoding="utf-8"?>
<extension version="2.5" type="plugin" method="upgrade" group="j2store">
	<name>Zarinpal</name>
	<version>1.0</version>
	<creationDate>November 2013</creationDate>
	<author>Hashem Hashemi</author>
	<authorEmail>support@j2store.org</authorEmail>
	<authorUrl>http://j2store.org</authorUrl>
	<copyright>2013 joomina.ir</copyright>
	<license>GNU General Public License v2</license>
	  <description><![CDATA[<body link="#0170CA" alink="#008080" vlink="#0170CA"><div align="center"><table border="1" cellpadding="6" cellspacing="0" id="table1" bordercolor="#e5e5e5" style="font-family: Tahoma" width="90%" dir="rtl"><tr><td rowspan="6" width="190" height="200"><img border="0" src="http://www.topjoomina.ir/download.php?imgf=13233526261.jpg" width="202" height="190"></td><td colspan="2" bgcolor="#ff6600"><p align="center"><b><a style="text-decoration: none" target="_blank" href="http://www.joomina.ir"><font color="#FFFFFF">وب سایت جومینا</font></a>&nbsp;تقدیم میکند	</b> </p></td></tr><tr><td width="150" bgcolor="#0170ca"><font size="2" color="#FFFFFF">نام افزونه :</font></td><td bgcolor="#f5f5f5"><span lang="fa">اتصال J2store به درگاه زرین پل</span></td></tr><tr><td width="150" bgcolor="#0170ca"><font size="2" color="#FFFFFF">توضیحات:</font></td><td bgcolor="#f5f5f5">به کمک این پلاگین قادر خواهید بود تا فروشگاه ساز J2store را به درگاه زرین پال متصل نمایید  - راهنمای استفاده از این پلاگین در سایت joomina.ir منتشر شده است</span></td></tr><tr><td width="150" bgcolor="#0170ca"><font color="#FFFFFF"><font size="2">توسعه دهنده برای</font><span lang="fa"><font size="2"> ایرانیان:</font></span></font></td><td bgcolor="#f5f5f5"><span lang="fa">وب سایت جومینا</span></td></tr><tr><td width="150" bgcolor="#0170ca"><font size="2" color="#FFFFFF">برنامه نویسی شده<span lang="fa"> توسط</span> :</font></td><td bgcolor="#f5f5f5">هاشم هاشمی - تیم برنامه نویسی جومینا</td></tr><tr><td width="150" bgcolor="#0170ca"><font size="2" color="#FFFFFF">مراجع جوملا<span lang="fa"> ایرانی</span>:</font></td><td bgcolor="#f5f5f5">	<p align="center"><a style="text-decoration: none" target="_blank" href="http://www.joomina.ir">مرکز ارائه خدمات به طراحان وب</a><span lang="fa">&nbsp;&nbsp; ا&nbsp;&nbsp; </span>	<a style="text-decoration: none" target="_blank" href="http://forum.joomina.ir">انجمن تخصصی جوملا</a><span lang="fa">&nbsp;&nbsp; ا&nbsp;&nbsp;&nbsp;</span><a style="text-decoration: none" target="_blank" href="http://joominamarket.com">فروشگاه افزونه های تخصصی جوملا</a>&nbsp;&nbsp;<span lang="fa">ا</span>&nbsp;&nbsp;<a style="text-decoration: none" target="_blank" href="http://joominahost.com">هاستینگ منطبق بر جوملا</a></td></tr></table><br/><table>
  <tr><td>تلفن گویــا : </td><td> 021 - 24521302 </td></tr></table></div>]]></description>
	
	<files>
		<filename plugin="payment_zarinpal">payment_zarinpal.php</filename>
		<filename>index.html</filename>
		<folder>payment_zarinpal</folder>	
	</files>
    
<config>
	<fields name="params">
  	  <fieldset name="basic">
  	  <field name="display_name" type="text" size="30" default="زرین پال" label="نام درگاه پرداخت" description="نام درگاه پرداختی خود را وارد کنید"/>
	  <field name="Address" type="text" size="30" default="www.yourdomain.com" label="آدرس سایت شما" description="جهت انجام عملیات چرداخت، لطفا آدرس سایت خود را وارد نمایید"/>
	  <field name="merchant_id" type="text" size="30" default="xxxxxxxx-xxxx-xxxx-xxxx-xxxxxxxxxxxx" label="کد درگاه" description="کد درگاه زرین پال خود را وارد نمایید"/>
		<field name="onbeforepayment" type="textarea" cols="10" rows="5" default="" label="j2store_on_before_payment_label" description="j2store_on_before_payment_desc"/>
        <field name="onafterpayment" type="textarea" cols="10" rows="5" default="" label="j2store_on_after_payment_label" description="j2store_on_after_payment_desc"/>
        
		<field name="payment_status" type="list" default="4" label="وضعیت سفارش بعد از پرداخت" description="وضعیت سفارش بعد از پرداخت">
          <option value="1">J2STORE_CONFIRMED</option>
		  <option value="4">J2STORE_PENDING</option>
          <option value="3">J2STORE_FAILED</option>          
        </field>
		
       <field type="spacer" />        
       <field name="button_text" type="text" size="50" default="پرداخت" label="j2store_button_text_label" description="j2store_button_text_desc" />
  	   
  	   
	</fieldset>
  </fields>	
</config>			
</extension>
